{
  "v3_to_v2": {
    "train_version": "v3.0.0",
    "test_version": "v2.0.1",
    "train_n": 253,
    "test_n": 125,
    "auc": 0.757172131147541,
    "f1": 0.696969696969697,
    "recall": 0.7540983606557377,
    "precision": 0.647887323943662
  }
}