{
  "condition": "pd",
  "delong": {
    "AST_full vs AgeOnly_full": {
      "auc_a": 0.8431765314034634,
      "auc_b": 0.8712845696562419,
      "diff": -0.028108038252778522,
      "z": -0.9245751281972557,
      "p": 0.3551869554989029,
      "ci_lo": -0.08769406138414294,
      "ci_hi": 0.0314779848785859,
      "n": 252
    },
    "AST_full vs Metadata_full": {
      "auc_a": 0.8431765314034634,
      "auc_b": 0.8708968725768933,
      "diff": -0.02772034117342992,
      "z": -0.9168140994303392,
      "p": 0.3592400630261434,
      "ci_lo": -0.0869819392811397,
      "ci_hi": 0.031541256934279865,
      "n": 252
    },
    "AgeOnly_full vs Metadata_full": {
      "auc_a": 0.8712845696562419,
      "auc_b": 0.8708968725768933,
      "diff": 0.0003876970793486034,
      "z": 0.18553141356605116,
      "p": 0.8528122434855463,
      "ci_lo": -0.0037080312984914925,
      "ci_hi": 0.004483425457188699,
      "n": 252
    },
    "AST_age60-80 vs AgeOnly_age60-80": {
      "auc_a": 0.7865079365079364,
      "auc_b": 0.5613756613756613,
      "diff": 0.22513227513227507,
      "z": 3.2428215989291735,
      "p": 0.001183522935770176,
      "ci_lo": 0.08905964646686551,
      "ci_hi": 0.36120490379768466,
      "n": 129
    },
    "AST_age60-80 vs Metadata_age60-80": {
      "auc_a": 0.7865079365079364,
      "auc_b": 0.5609788359788361,
      "diff": 0.22552910052910025,
      "z": 3.2743245873021816,
      "p": 0.0010591487418190049,
      "ci_lo": 0.09052811780696743,
      "ci_hi": 0.36053008325123304,
      "n": 129
    }
  },
  "propensity": {
    "usa_age_60_80_n_total": 84,
    "usa_age_60_80_n_pd": 39,
    "usa_age_60_80_n_ctrl": 45,
    "mean_age_pd_pre": 70.92307692307692,
    "mean_age_ctrl_pre": 69.97777777777777,
    "smd_age_pre": 0.14961543637804298,
    "caliper": 0.012299719306782409,
    "n_matched_pairs": 28,
    "n_matched_total": 56,
    "mean_age_pd_post": 71.89285714285714,
    "mean_age_ctrl_post": 71.25,
    "smd_age_post": 0.0949001638001233,
    "matched_aucs": {
      "AST": 0.7602040816326531,
      "Age_only": 0.5038265306122449,
      "Metadata_age_sex": 0.5025510204081632
    },
    "delong_ast_vs_age_matched": {
      "auc_ast": 0.7602040816326531,
      "auc_age": 0.5038265306122448,
      "diff": 0.25637755102040827,
      "ci_lo": 0.03783651326048279,
      "ci_hi": 0.4749185887803338,
      "p": 0.021485679008304448
    }
  }
}