{
  "condition": "dementia",
  "delong": {
    "AST_full vs AgeOnly_full": {
      "auc_a": 0.8950703569098872,
      "auc_b": 0.9043891529214425,
      "diff": -0.009318796011555275,
      "z": -0.314921643935935,
      "p": 0.7528211476499223,
      "ci_lo": -0.06731684261886939,
      "ci_hi": 0.04867925059575884,
      "n": 220
    },
    "AST_full vs Metadata_full": {
      "auc_a": 0.8950703569098872,
      "auc_b": 0.9016867020780917,
      "diff": -0.006616345168204418,
      "z": -0.22031421178694302,
      "p": 0.825626452663593,
      "ci_lo": -0.06547789760505549,
      "ci_hi": 0.052245207268646655,
      "n": 220
    },
    "AgeOnly_full vs Metadata_full": {
      "auc_a": 0.9043891529214425,
      "auc_b": 0.9016867020780917,
      "diff": 0.0027024508433508565,
      "z": 0.5461674274801499,
      "p": 0.5849508540211799,
      "ci_lo": -0.006995680876816925,
      "ci_hi": 0.012400582563518638,
      "n": 220
    },
    "AST_age60-80 vs AgeOnly_age60-80": {
      "auc_a": 0.8093333333333335,
      "auc_b": 0.5939999999999999,
      "diff": 0.2153333333333336,
      "z": 2.65081186874975,
      "p": 0.008029855523153273,
      "ci_lo": 0.0561167030213551,
      "ci_hi": 0.3745499636453121,
      "n": 95
    },
    "AST_age60-80 vs Metadata_age60-80": {
      "auc_a": 0.8093333333333335,
      "auc_b": 0.5851111111111111,
      "diff": 0.22422222222222232,
      "z": 2.7182811638584186,
      "p": 0.006562204854796194,
      "ci_lo": 0.06254816090777407,
      "ci_hi": 0.3858962835366706,
      "n": 95
    }
  },
  "propensity": {
    "reason": "insufficient cases or controls",
    "n_total": 47,
    "n_cases": 2,
    "n_ctrls": 45
  }
}