{
  "condition": "dementia",
  "oof_auc": 0.8953165494261384,
  "n_participants": 221,
  "old_leaky_OOF": {
    "threshold": 0.4367757737636566,
    "f1": 0.8023952095808383,
    "precision": 0.7127659574468085,
    "recall": 0.9178082191780822,
    "specificity": 0.8175675675675675,
    "accuracy": 0.8506787330316742,
    "tp": 67,
    "fp": 27,
    "fn": 6,
    "tn": 121
  },
  "lofo": {
    "thresholds": [
      0.4367757737636566,
      0.4912914037704468,
      0.4367757737636566,
      0.4912914037704468,
      0.4367757737636566
    ],
    "mean_T": 0.4585820257663727,
    "sd_T": 0.029859440291324483,
    "f1": 0.7730061349693251,
    "precision": 0.7,
    "recall": 0.863013698630137,
    "specificity": 0.8175675675675675,
    "accuracy": 0.832579185520362,
    "tp": 63,
    "fp": 27,
    "fn": 10,
    "tn": 121
  },
  "fixed_05": {
    "threshold": 0.5,
    "f1": 0.7973856209150327,
    "precision": 0.7625,
    "recall": 0.8356164383561644,
    "specificity": 0.8716216216216216,
    "accuracy": 0.8597285067873304,
    "tp": 61,
    "fp": 19,
    "fn": 12,
    "tn": 129
  }
}