{
  "condition": "pd",
  "oof_auc": 0.8427672955974843,
  "n_participants": 253,
  "old_leaky_OOF": {
    "threshold": 0.5025445222854614,
    "f1": 0.7264150943396226,
    "precision": 0.7264150943396226,
    "recall": 0.7264150943396226,
    "specificity": 0.8027210884353742,
    "accuracy": 0.7707509881422925,
    "tp": 77,
    "fp": 29,
    "fn": 29,
    "tn": 118
  },
  "lofo": {
    "thresholds": [
      0.5320624113082886,
      0.46021759510040283,
      0.4979192316532135,
      0.5050848126411438,
      0.5490041375160217
    ],
    "mean_T": 0.5088576376438141,
    "sd_T": 0.03409523297159551,
    "f1": 0.6857142857142857,
    "precision": 0.6923076923076923,
    "recall": 0.6792452830188679,
    "specificity": 0.782312925170068,
    "accuracy": 0.7391304347826086,
    "tp": 72,
    "fp": 32,
    "fn": 34,
    "tn": 115
  },
  "fixed_05": {
    "threshold": 0.5,
    "f1": 0.7230046948356808,
    "precision": 0.719626168224299,
    "recall": 0.7264150943396226,
    "specificity": 0.7959183673469388,
    "accuracy": 0.766798418972332,
    "tp": 77,
    "fp": 30,
    "fn": 29,
    "tn": 117
  }
}